<SCENE>

<!-- Initial values -->
<INITIALS>
    <frustum near="0.1" far="600"/>                 
    <translation x="-1" y="1" z="0" />               
    <rotation axis="x" angle="0" />                
    <rotation axis="y" angle="0" />                
    <rotation axis="z" angle="0" />                
    <scale sx="0.25" sy="0.25" sz="0.25" />         
    <reference length="6" />                        
</INITIALS>


<!-- Illumination and clear colour -->
<ILLUMINATION>
    <ambient r="0.2" g="0.2" b="0.2" a="1" />       
    <background r="0" g="0" b="0" a="1" />          
</ILLUMINATION>


<!-- Lights -->
<LIGHTS>	
	<LIGHT id="light0">                                    
        <enable value ="1" />                   	       
        <position  x="0" y="10" z="0" w="1" />       	   
        <ambient r="0.2" g="0.2" b="0.2" a="1.0" />        	 
        <diffuse r="1.0" g="1.0" b="1.0" a="1.0" />        
        <specular r="1.0" g="1.0" b="1.0" a="1.0" />      
    </LIGHT>

    <LIGHT id="lightchao1">                                    
        <enable value ="1" />                   	       
        <position  x="10" y="-1" z="30" w="1" />       	   
        <ambient r="0.5" g="0.5" b="0.5" a="1.0" />        	 
        <diffuse r="1.0" g="1.0" b="1.0" a="1.0" />        
        <specular r="1.0" g="1.0" b="1.0" a="1.0" />      
    </LIGHT>

    <LIGHT id="lightchao2">                                    
        <enable value ="1" />                   	       
        <position  x="35" y="-1" z="10" w="1" />       	   
        <ambient r="0.5" g="0.5" b="0.5" a="1.0" />        	 
        <diffuse r="1.0" g="1.0" b="1.0" a="1.0" />        
        <specular r="1.0" g="1.0" b="1.0" a="1.0" />      
    </LIGHT>
	
	<LIGHT id="light1">                                    
        <enable value ="1" />                   	      
        <position x="30" y="10" z="0" w="1" />       	   
        <ambient r="0.2" g="0.2" b="0.2" a="1.0" />       
        <diffuse r="1.0" g="1.0" b="1.0" a="1.0" />        
        <specular r="1.0" g="1.0" b="1.0" a="1.0" />       
    </LIGHT>
	
	<LIGHT id="light2">                                   
        <enable value ="1" />                   	       
        <position x="0" y="10" z="20" w="1" />       		   
        <ambient r="0.2" g="0.2" b="0.2" a="1.0" />      
        <diffuse r="1.0" g="1.0" b="1.0" a="1.0" />        
        <specular r="1.0" g="1.0" b="1.0" a="1.0" />       
    </LIGHT>

    <LIGHT id="light3">                                   
        <enable value ="1" />                   	       
        <position x="30" y="10" z="20" w="1" />       			
        <ambient r="0.2" g="0.2" b="0.2" a="1.0" />           	
        <diffuse r="0.6" g="0.6" b="0.6" a="1.0" />       
        <specular r="0.6" g="0.6" b="0.6" a="1.0" />      
    </LIGHT>
    
</LIGHTS>

<!-- Textures -->
<TEXTURES>

    <TEXTURE id="grass_side">
        <file path="images/grass_side.png" />                
        <amplif_factor s="5" t="4" />                           
    </TEXTURE>

    <TEXTURE id="grass_top">
        <file path="images/grass_top.png" />                
        <amplif_factor s="5" t="4" />                           
    </TEXTURE>

    <TEXTURE id="floor_side">
        <file path="images/grass_side.png" />                
        <amplif_factor s="0.1" t="4" />                           
    </TEXTURE>

    <TEXTURE id="floor_top">
        <file path="images/grass_top.png" />                
        <amplif_factor s="0.1" t="0.1" />                           
    </TEXTURE>

    <TEXTURE id="pumpkin_top">
        <file path="images/pumpkin_top.png" />                
        <amplif_factor s="5" t="4" />                           
    </TEXTURE>

    <TEXTURE id="pumpkin_side">
        <file path="images/pumpkin_side.png" />                
        <amplif_factor s="5" t="4" />                           
    </TEXTURE>

    <TEXTURE id="rockText">
        <file path="images/end_bricks.png" />                
        <amplif_factor s="1.75" t="1" />                           
    </TEXTURE>

    <TEXTURE id="boxText">
        <file path="images/box.png" />                
        <amplif_factor s="5" t="4" />                           
    </TEXTURE>

    <TEXTURE id="oakText">
        <file path="images/log_oak.png" />                
        <amplif_factor s="5" t="4" />                           
    </TEXTURE>

    <TEXTURE id="waterText">
        <file path="images/water.png" />                
        <amplif_factor s="5" t="4" />                           
    </TEXTURE>

    <TEXTURE id="leavesText">
        <file path="images/leaves.png" />                
        <amplif_factor s="5" t="4" />                           
    </TEXTURE>

    <TEXTURE id="magmaText">
        <file path="images/magma.png" />                
        <amplif_factor s="5" t="4" />                           
    </TEXTURE>

    <TEXTURE id="goldText">
        <file path="images/box.png" />                
        <amplif_factor s="2" t="1.25" />                           
    </TEXTURE>

    <TEXTURE id="doorText">
        <file path="images/door.png" />                
        <amplif_factor s="5" t="4" />                           
    </TEXTURE>

    <TEXTURE id="windowText">
        <file path="images/window.png" />                
        <amplif_factor s="5" t="4" />                           
    </TEXTURE>

      <TEXTURE id="futTexture">
        <file path="images/ball.jpg" />                
        <amplif_factor s="5" t="4" />                           
    </TEXTURE>

     <TEXTURE id="mosaicText">
        <file path="images/mosaic.jpg" />                
        <amplif_factor s="5" t="4" />                           
    </TEXTURE>

    
</TEXTURES>


<MATERIALS>

    <!-- A default material -->
    <MATERIAL id="defaultMaterial">                                  
        <shininess value="1" />
        <specular r="0.0" g="0.0" b="0.0" a="1" />        
        <diffuse r="0.4" g="0.4" b="0.4" a="1" />       
        <ambient r="0.4" g="0.4" b="0.4" a="1" />         
        <emission r="0.0" g="0.0" b="0.0" a="1" />        
    </MATERIAL>

    <MATERIAL id="waterMaterial">                                  
        <shininess value="1" />
        <specular r="1.0" g="1.0" b="1.0" a="1" />        
        <diffuse r="0.0" g="0.0" b="0.4" a="1" />       
        <ambient r="0.0" g="0.0" b="0.4" a="1" />         
        <emission r="0.0" g="0.0" b="0.0" a="1" />        
    </MATERIAL>

    <MATERIAL id="grass_top_material">                                  
        <shininess value="1" />
        <specular r="0.0" g="0.0" b="0.0" a="1" />        
        <diffuse r="0.0" g="0.0" b="0.0" a="1" />       
        <ambient r="0.2" g="0.4" b="0.0" a="1" />         
        <emission r="0.0" g="0.0" b="0.0" a="1" />        
    </MATERIAL>

    <MATERIAL id="leaves_material">                                  
        <shininess value="1" />
        <specular r="0.0" g="0.0" b="0.0" a="1" />        
        <diffuse r="0.0" g="0.0" b="0.0" a="0" />       
        <ambient r="0.3" g="1.0" b="0.2" a="0.1" />         
        <emission r="0.0" g="0.0" b="0.0" a="1" />        
    </MATERIAL>

    <MATERIAL id="goldMaterial">                                  
        <shininess value="1" />
        <specular r="1.0" g="1.0" b="1.0" a="1" />        
        <diffuse r="1.0" g="1.0" b="0.0" a="1" />       
        <ambient r="1.0" g="1.0" b="0.0" a="1" />         
        <emission r="0.0" g="0.0" b="0.0" a="1" />        
    </MATERIAL>

</MATERIALS>


<!-- The leaves -->
<LEAVES>
</LEAVES>


<!-- The nodes -->
<NODES>

    <ROOT id="root" />     

    <!-- The root node -->
    <NODE id="root">       
        <MATERIAL id="defaultMaterial" />         
        <TEXTURE id="null" />  
        <ROTATION axis="y" angle="-25" />
        <TRANSLATION x="0" y="0" z="-15" /> 

        <DESCENDANTS>  
            <NODEREF id="floor" />
            <NODEREF id="house" />
            <NODEREF id="mountain" />
			<NODEREF id="tree" />
			<NODEREF id="pumpkin1" />
        </DESCENDANTS>

    </NODE>

   

<NODE id="house">       
        <MATERIAL id="null" />     
        <TEXTURE id="null" /> 
        <SCALE sx="0.30" sy="0.30" sz="0.30" />
        <ROTATION axis="y" angle="90" />
        <TRANSLATION x="-150" y="0" z="-15" />     
        
  
        <DESCENDANTS>
       		<NODEREF id="walls" />
       		<NODEREF id="roof1" />
       		<NODEREF id="roof2" />  
       		<NODEREF id="balcony" /> 
       		<NODEREF id="downbalcony" />      
            <NODEREF id="pilars" />
            <NODEREF id="lamp" />
            <NODEREF id="doors" />
            <NODEREF id="windows" />
            <NODEREF id="ball" />
            <NODEREF id="mosaic" />
        </DESCENDANTS>

     </NODE>
   

    <NODE id="mosaic">       
        <MATERIAL id="null" />     
        <TEXTURE id="mosaicText" />  

        <DESCENDANTS>
       		<NODEREF id="mosaicwall" />       
        </DESCENDANTS>

    </NODE>


     <NODE id="mosaicwall">       
        <MATERIAL id="null" />     
        <TEXTURE id="null" />  
              
        
        <TRANSLATION x="67" y="20" z="40" />
        <ROTATION axis="x" angle="45" />
        <ROTATION axis="z" angle="-90" />
        <SCALE sx="3" sy="3" sz="3" />

        <DESCENDANTS>
            <LEAF type="triangle" args="2 0 5 5 0 2 0 0 0" /> 
        </DESCENDANTS>

    </NODE>

      <NODE id="ball">       
        <MATERIAL id="null" />     
        <TEXTURE id="futTexture" />  
        <DESCENDANTS>
       		<NODEREF id="fut_ball" />          
        </DESCENDANTS>
    </NODE>

    <NODE id="fut_ball">       
        <MATERIAL id="null" />     
        <TEXTURE id="null" />       			

        <TRANSLATION x="55" y="1" z="55" />
        <SCALE sx="0.06" sy="0.06" sz="0.06" />

        <DESCENDANTS>
			<LEAF type="sphere" args="20 100 100" />
        </DESCENDANTS>
    </NODE>


     <NODE id="windows">       
        <MATERIAL id="null" />     
        <TEXTURE id="windowText" />  

        <DESCENDANTS>
       		<NODEREF id="window1" />
       		<NODEREF id="window2" />  
       		<NODEREF id="window3" />       
        </DESCENDANTS>

    </NODE>

    <NODE id="window1">       
        <MATERIAL id="null" />     
        <TEXTURE id="null" />       			
        <TRANSLATION x="33" y="23" z="70.1" />
         <SCALE sx="1.5" sy="1.5" sz="1.5" />
        <DESCENDANTS>
			<LEAF  type="rectangle" args="0 4 5 0" /> 
        </DESCENDANTS>
    </NODE>

  <NODE id="window2">       
        <MATERIAL id="null" />     
        <TEXTURE id="null" />       			
        <TRANSLATION x="50" y="23" z="50.1" />
         <SCALE sx="1.5" sy="1.5" sz="1.5" />
        <DESCENDANTS>
			<LEAF  type="rectangle" args="0 4 5 0" /> 
        </DESCENDANTS>
    </NODE>


     <NODE id="window3">       
        <MATERIAL id="null" />     
        <TEXTURE id="null" />       			
        <TRANSLATION x="67" y="23" z="43" />
        <ROTATION axis="y" angle="90" />
         <SCALE sx="1.5" sy="1.5" sz="1.5" />
        <DESCENDANTS>
			<LEAF  type="rectangle" args="0 4 5 0" /> 
        </DESCENDANTS>
    </NODE>

     <NODE id="doors">       
        <MATERIAL id="null" />     
        <TEXTURE id="null" />  

        <DESCENDANTS>
       		<NODEREF id="door1" />
       		<NODEREF id="door2" />           
        </DESCENDANTS>

    </NODE>


    <NODE id="door1">       
        <MATERIAL id="null" />     
        <TEXTURE id="doorText" />       			
        <TRANSLATION x="29" y="0" z="70.1" />
         <SCALE sx="3" sy="3" sz="3" />
        <DESCENDANTS>
			<LEAF  type="rectangle" args="0 4 5 0" /> 
        </DESCENDANTS>
    </NODE>

    <NODE id="door2">       
        <MATERIAL id="null" />     
        <TEXTURE id="doorText" />       			
        <TRANSLATION x="46.2" y="16.5" z="66" />
        <ROTATION axis="y" angle="90" />
        <SCALE sx="3" sy="3" sz="3" />
        <DESCENDANTS>
			<LEAF  type="rectangle" args="0 4 5 0" /> 
        </DESCENDANTS>
    </NODE>

     <NODE id="lamp">       
        <MATERIAL id="null" />     
        <TEXTURE id="null" />  


        <DESCENDANTS>
       		<NODEREF id="luz_esfera" />          
        </DESCENDANTS>

    </NODE>


    <NODE id="luz_esfera">       
        <MATERIAL id="null" />     
        <TEXTURE id="boxText" />       			

        <TRANSLATION x="63" y="22.6" z="67.5" />
        <SCALE sx="0.07" sy="0.07" sz="0.07" />
        
        <DESCENDANTS>
			<LEAF type="sphere" args="20 100 100" />
        </DESCENDANTS>
    </NODE>



    <NODE id="pilars">       
        <MATERIAL id="null" />     
        <TEXTURE id="null" />  


        <DESCENDANTS>
       		<NODEREF id="cylinders" />          
        </DESCENDANTS>

    </NODE>

      <NODE id="downbalcony">       
        <MATERIAL id="null" />     
        <TEXTURE id="null" /> 
         
   			<TRANSLATION x="38" y="0" z="65" />
             <SCALE sx="2" sy="2" sz="2" /> 
        <DESCENDANTS>
       		<NODEREF id="boxs" />  
        </DESCENDANTS>

    </NODE>

       <NODE id="balcony">       
        <MATERIAL id="null" />     
        <TEXTURE id="null" />   
   			

        <DESCENDANTS>
       		<NODEREF id="balcon" />  
        </DESCENDANTS>

    </NODE>


      <NODE id="balcon">       
        <MATERIAL id="null" />     
        <TEXTURE id="null" />   
   <TRANSLATION x="-45" y="15" z="50" />
   <SCALE sx="8" sy="1.5" sz="8" /> 

        <DESCENDANTS>
       		<NODEREF id="boxs" />  
        </DESCENDANTS>

    </NODE>


        <NODE id="roof1">       
        <MATERIAL id="null" />     
        <TEXTURE id="null" />   
   			

        <DESCENDANTS>
       		<NODEREF id="level1roof" />  
       		<NODEREF id="level2roof" /> 
       		<NODEREF id="level3roof" />
       		<NODEREF id="level4roof" />
       		<NODEREF id="level5roof" />
        </DESCENDANTS>

    </NODE>


        <NODE id="roof2">       
        <MATERIAL id="null" />     
        <TEXTURE id="null" />   
      <TRANSLATION x="-5" y="0" z="74" />
   	<ROTATION axis="y" angle="90" />
     

        <DESCENDANTS>
       		<NODEREF id="level1roof" />  
       		<NODEREF id="level2roof" /> 
       		<NODEREF id="level3roof" />
       		<NODEREF id="level4roof" />
       		<NODEREF id="level5roof" />
        </DESCENDANTS>

    </NODE>


     <NODE id="level1roof">       
        <MATERIAL id="null" />     
        <TEXTURE id="null" /> 
     
     <TRANSLATION x="-5" y="30" z="25" />      
   	<SCALE sx="8" sy="3" sz="22" /> 


        <DESCENDANTS>
       		<NODEREF id="golds" />    
        </DESCENDANTS>

    </NODE>


    <NODE id="level2roof">       
        <MATERIAL id="null" />     
        <TEXTURE id="null" /> 
     
     <TRANSLATION x="5" y="32" z="28" />      
   	<SCALE sx="6" sy="4" sz="20" /> 


        <DESCENDANTS>
       		<NODEREF id="golds" />    
        </DESCENDANTS>

    </NODE>

        <NODE id="level3roof">       
        <MATERIAL id="null" />     
        <TEXTURE id="null" /> 
     
     <TRANSLATION x="15" y="34" z="30" />      
   	<SCALE sx="4" sy="4" sz="18" /> 


        <DESCENDANTS>
       		<NODEREF id="golds" />    
        </DESCENDANTS>

    </NODE>



        <NODE id="level4roof">       
        <MATERIAL id="null" />     
        <TEXTURE id="null" /> 
     
     <TRANSLATION x="25" y="36" z="32" />      
   	<SCALE sx="2" sy="4" sz="16" /> 


        <DESCENDANTS>
       		<NODEREF id="golds" />    
        </DESCENDANTS>

    </NODE>



    <NODE id="level5roof">       
        <MATERIAL id="null" />     
        <TEXTURE id="null" /> 
     
     <TRANSLATION x="33" y="38" z="37" />      
   	<SCALE sx="0.5" sy="4" sz="10" /> 


        <DESCENDANTS>
       		<NODEREF id="golds" />    
        </DESCENDANTS>

    </NODE>


    
    <NODE id="walls">       
        <MATERIAL id="null" />     
        <TEXTURE id="null" />    
        <TRANSLATION x="-13.9" y="2" z="0" />
   			

        <DESCENDANTS>
       		<NODEREF id="wall1" />    
       		<NODEREF id="wall2" />   
       		<NODEREF id="wall3" />
       		<NODEREF id="wall4" />   
       		<NODEREF id="wall5" />
       		<NODEREF id="wall6" /> 
       		<NODEREF id="wall7" /> 
       		<NODEREF id="wall8" />
        </DESCENDANTS>

    </NODE>


     <NODE id="wall1">      
        <MATERIAL id="null" />     
        <TEXTURE id="null" />       			

        <TRANSLATION x="40" y="-2" z="20" />
        <SCALE sx="1" sy="15" sz="8" />

        <DESCENDANTS>
            <NODEREF id="rocks" />      
        </DESCENDANTS>

    </NODE>


     <NODE id="wall2">      
        <MATERIAL id="null" />     
        <TEXTURE id="null" />       			

        <TRANSLATION x="40" y="-2" z="0" />
        <SCALE sx="1" sy="15" sz="8" />

        <DESCENDANTS>
            <NODEREF id="rocks" />      
        </DESCENDANTS>

    </NODE>


      <NODE id="wall3">      
        <MATERIAL id="null" />     
        <TEXTURE id="null" />       			
		<TRANSLATION x="10" y="-2" z="70" />
		<ROTATION axis="y" angle="90" />
        
        <SCALE sx="1" sy="15" sz="8" />
         


        <DESCENDANTS>
            <NODEREF id="rocks" />      
        </DESCENDANTS>

    </NODE>


     <NODE id="wall4">      
        <MATERIAL id="null" />     
        <TEXTURE id="null" />       			

        <TRANSLATION x="57.5" y="-2" z="18" />
        <SCALE sx="1" sy="15" sz="8" />

        <DESCENDANTS>
            <NODEREF id="rocks" />      
        </DESCENDANTS>

    </NODE>


      <NODE id="wall5">      
        <MATERIAL id="null" />     
        <TEXTURE id="null" />       			
		<TRANSLATION x="30" y="-2" z="50" />
		<ROTATION axis="y" angle="90" />
        
        <SCALE sx="1" sy="15" sz="8" />
         


        <DESCENDANTS>
            <NODEREF id="rocks" />      
        </DESCENDANTS>

    </NODE>


     <NODE id="wall6">      
        <MATERIAL id="null" />     
        <TEXTURE id="null" />       			

        <TRANSLATION x="78" y="-2" z="-2" />
        <SCALE sx="1" sy="15" sz="8" />

        <DESCENDANTS>
            <NODEREF id="rocks" />      
        </DESCENDANTS>

    </NODE>


      <NODE id="wall7">      
        <MATERIAL id="null" />     
        <TEXTURE id="null" />       			
		<TRANSLATION x="10" y="-2" z="30" />
		<ROTATION axis="y" angle="90" />
        
        <SCALE sx="1" sy="15" sz="8" />
         


        <DESCENDANTS>
            <NODEREF id="rocks" />      
        </DESCENDANTS>

    </NODE>


          <NODE id="wall8">      
        <MATERIAL id="null" />     
        <TEXTURE id="null" />       			
		<TRANSLATION x="30" y="-2" z="30" />
		<ROTATION axis="y" angle="90" />
        
        <SCALE sx="1" sy="15" sz="8" />
         


        <DESCENDANTS>
            <NODEREF id="rocks" />      
        </DESCENDANTS>

    </NODE>


    <!-- The floor -->
    <NODE id="floor">      
        <MATERIAL id="null" />    
        <TEXTURE id="null" />       			

        <SCALE sx="40" sy="1" sz="40" />
        <TRANSLATION x="-1.25" y="-4" z="3.75" />

        <DESCENDANTS>
			<NODEREF  id="floor_node"/>     
		</DESCENDANTS>

    </NODE>


    <NODE id="golds">       
        <MATERIAL id="null" />     
        <TEXTURE id="null" />       			

        <DESCENDANTS>
       		<NODEREF id="gold1" />          
        </DESCENDANTS>

    </NODE>

    <NODE id="gold1">      
        <MATERIAL id="null" />     
        <TEXTURE id="null" />       			

        <TRANSLATION x="2.5" y="-2" z="3.7" />

        <DESCENDANTS>
            <NODEREF id="gold" />      
        </DESCENDANTS>

    </NODE>
    
    <!-- Generic bench -->
    <NODE id="gold">       
        <MATERIAL id="defaultMaterial" />     
        <TEXTURE id="goldText" />       			

        <ROTATION axis="y" angle="90" />
        <SCALE sx="0.5" sy="0.5" sz="0.5" />
        
        <DESCENDANTS>
       		<NODEREF id="faceCubo1" />
            <NODEREF id="faceCubo2" />
            <NODEREF id="faceCubo3" />
            <NODEREF id="faceCubo4" />
            <NODEREF id="faceCubo5" />
            <NODEREF id="faceCubo6" />      
        </DESCENDANTS>

    </NODE>

    <NODE id="magmas">       
        <MATERIAL id="null" />     
        <TEXTURE id="null" />       			

        <DESCENDANTS>
       		<NODEREF id="magma1" />          
        </DESCENDANTS>

    </NODE>

    <!-- Another bench -->
     <NODE id="magma1">      
        <MATERIAL id="null" />     
        <TEXTURE id="null" />       			

        <TRANSLATION x="5" y="-2" z="3.7" />

        <DESCENDANTS>
            <NODEREF id="magma" />      
        </DESCENDANTS>

    </NODE>
    
    <!-- Generic bench -->
    <NODE id="magma">       
        <MATERIAL id="null" />     
        <TEXTURE id="magmaText" />       			

        <ROTATION axis="y" angle="90" />
        <SCALE sx="0.5" sy="0.5" sz="0.5" />
        
        <DESCENDANTS>
       		<NODEREF id="faceCubo1" />
            <NODEREF id="faceCubo2" />
            <NODEREF id="faceCubo3" />
            <NODEREF id="faceCubo4" />
            <NODEREF id="faceCubo5" />
            <NODEREF id="faceCubo6" />      
        </DESCENDANTS>

    </NODE>


    <NODE id="cylinder1">      
        <MATERIAL id="null" />     
        <TEXTURE id="null" />       			

         <TRANSLATION x="50" y="78" z="65" />
         <SCALE sx="1" sy="5" sz="1" />
         <ROTATION axis="x" angle="90" />
        <TRANSLATION x="10" y="-2" z="3.7" />

        <DESCENDANTS>
            <NODEREF id="cylinderleaf" />      
        </DESCENDANTS>

    </NODE>

         <NODE id="cylinder2">      
        <MATERIAL id="null" />     
        <TEXTURE id="null" />       			

         <TRANSLATION x="45" y="15" z="65" />
         <SCALE sx="1" sy="1" sz="1" />
         <ROTATION axis="x" angle="90" />
        <TRANSLATION x="10" y="-2" z="3.7" />

        <DESCENDANTS>
            <NODEREF id="cylinderleaf" />      
        </DESCENDANTS>

    </NODE>

             <NODE id="cylinder3">      
        <MATERIAL id="null" />     
        <TEXTURE id="null" />       			

         <TRANSLATION x="40" y="15" z="65" />
         <SCALE sx="1" sy="1" sz="1" />
         <ROTATION axis="x" angle="90" />
        <TRANSLATION x="10" y="-2" z="3.7" />

        <DESCENDANTS>
            <NODEREF id="cylinderleaf" />      
        </DESCENDANTS>

    </NODE>


        <NODE id="cylinder4">      
        <MATERIAL id="null" />     
        <TEXTURE id="null" />       			

         <TRANSLATION x="35" y="15" z="65" />
         <SCALE sx="1" sy="1" sz="1" />
         <ROTATION axis="x" angle="90" />
        <TRANSLATION x="10" y="-2" z="3.7" />

        <DESCENDANTS>
            <NODEREF id="cylinderleaf" />      
        </DESCENDANTS>

    </NODE>

            <NODE id="cylinder5">      
        <MATERIAL id="null" />     
        <TEXTURE id="null" />       			

         <TRANSLATION x="50" y="15" z="60" />
         <SCALE sx="1" sy="1" sz="1" />
         <ROTATION axis="x" angle="90" />
        <TRANSLATION x="10" y="-2" z="3.7" />

        <DESCENDANTS>
            <NODEREF id="cylinderleaf" />      
        </DESCENDANTS>

    </NODE>

            <NODE id="cylinder6">      
        <MATERIAL id="null" />     
        <TEXTURE id="null" />       			

         <TRANSLATION x="50" y="15" z="55" />
         <SCALE sx="1" sy="1" sz="1" />
         <ROTATION axis="x" angle="90" />
        <TRANSLATION x="10" y="-2" z="3.7" />

        <DESCENDANTS>
            <NODEREF id="cylinderleaf" />      
        </DESCENDANTS>

    </NODE>

            <NODE id="cylinder7">      
        <MATERIAL id="null" />     
        <TEXTURE id="null" />       			

         <TRANSLATION x="50" y="15" z="50" />
         <SCALE sx="1" sy="1" sz="1" />
         <ROTATION axis="x" angle="90" />
        <TRANSLATION x="10" y="-2" z="3.7" />

        <DESCENDANTS>
            <NODEREF id="cylinderleaf" />      
        </DESCENDANTS>

    </NODE>



      <NODE id="cylinder8">      
        <MATERIAL id="null" />     
        <TEXTURE id="null" />       			

         <TRANSLATION x="45" y="33" z="65" />
         <SCALE sx="1" sy="1" sz="1" />
         <ROTATION axis="x" angle="90" />
        <TRANSLATION x="10" y="-2" z="3.7" />

        <DESCENDANTS>
            <NODEREF id="cylinderleaf" />      
        </DESCENDANTS>

    </NODE>

             <NODE id="cylinder9">      
        <MATERIAL id="null" />     
        <TEXTURE id="null" />       			

         <TRANSLATION x="40" y="33" z="65" />
         <SCALE sx="1" sy="1" sz="1" />
         <ROTATION axis="x" angle="90" />
        <TRANSLATION x="10" y="-2" z="3.7" />

        <DESCENDANTS>
            <NODEREF id="cylinderleaf" />      
        </DESCENDANTS>

    </NODE>


        <NODE id="cylinder10">      
        <MATERIAL id="null" />     
        <TEXTURE id="null" />       			

         <TRANSLATION x="35" y="33" z="65" />
         <SCALE sx="1" sy="1" sz="1" />
         <ROTATION axis="x" angle="90" />
        <TRANSLATION x="10" y="-2" z="3.7" />

        <DESCENDANTS>
            <NODEREF id="cylinderleaf" />      
        </DESCENDANTS>

    </NODE>

            <NODE id="cylinder11">      
        <MATERIAL id="null" />     
        <TEXTURE id="null" />       			

         <TRANSLATION x="50" y="33" z="60" />
         <SCALE sx="1" sy="1" sz="1" />
         <ROTATION axis="x" angle="90" />
        <TRANSLATION x="10" y="-2" z="3.7" />

        <DESCENDANTS>
            <NODEREF id="cylinderleaf" />      
        </DESCENDANTS>

    </NODE>

            <NODE id="cylinder12">      
        <MATERIAL id="null" />     
        <TEXTURE id="null" />       			

         <TRANSLATION x="50" y="33" z="55" />
         <SCALE sx="1" sy="1" sz="1" />
         <ROTATION axis="x" angle="90" />
        <TRANSLATION x="10" y="-2" z="3.7" />

        <DESCENDANTS>
            <NODEREF id="cylinderleaf" />      
        </DESCENDANTS>

    </NODE>

      <NODE id="cylinder13">      
        <MATERIAL id="null" />     
        <TEXTURE id="null" />       			

         <TRANSLATION x="50" y="33" z="50" />
         <SCALE sx="1" sy="1" sz="1" />
         <ROTATION axis="x" angle="90" />
        <TRANSLATION x="10" y="-2" z="3.7" />

        <DESCENDANTS>
            <NODEREF id="cylinderleaf" />      
        </DESCENDANTS>

    </NODE>


     <NODE id="cylinder14">      
        <MATERIAL id="null" />     
        <TEXTURE id="null" />       			
            

         <TRANSLATION x="-13" y="20" z="80" />
         <ROTATION axis="y" angle="90" />
         <SCALE sx="1" sy="1" sz="5" />
        <TRANSLATION x="10" y="-2" z="3.7" />

        <DESCENDANTS>
            <NODEREF id="cylinderleaf" />      
        </DESCENDANTS>

    </NODE>


         <NODE id="cylinder15">      
        <MATERIAL id="null" />     
        <TEXTURE id="null" />       			
            

         <TRANSLATION x="-13" y="1" z="80" />
         <ROTATION axis="y" angle="90" />
         <SCALE sx="1" sy="1" sz="5" />
        <TRANSLATION x="10" y="-2" z="3.7" />

        <DESCENDANTS>
            <NODEREF id="cylinderleaf" />      
        </DESCENDANTS>

    </NODE>

         <NODE id="cylinder16">      
        <MATERIAL id="null" />     
        <TEXTURE id="null" />       			
 
         <TRANSLATION x="61" y="35" z="-8" />
         <ROTATION axis="z" angle="-90" />
         <SCALE sx="1" sy="1" sz="5" />
        
        <TRANSLATION x="10" y="-2" z="3.7" />

        <DESCENDANTS>
            <NODEREF id="cylinderleaf" />      
        </DESCENDANTS>

    </NODE>

      <NODE id="cylinder17">      
        <MATERIAL id="null" />     
        <TEXTURE id="null" />       			
 
         <TRANSLATION x="61" y="16" z="-8" />
         <ROTATION axis="z" angle="-90" />
         <SCALE sx="1" sy="1" sz="5" />
        
        <TRANSLATION x="10" y="-2" z="3.7" />

        <DESCENDANTS>
            <NODEREF id="cylinderleaf" />      
        </DESCENDANTS>

    </NODE>


       <NODE id="cylinders">       
        <MATERIAL id="null" />     
        <TEXTURE id="null" />       			

        <DESCENDANTS>
       		<NODEREF id="cylinder1" />
       		<NODEREF id="cylinder2" /> 
       		<NODEREF id="cylinder3" />
       		<NODEREF id="cylinder4" />
       		<NODEREF id="cylinder5" /> 
       		<NODEREF id="cylinder6" />
       		<NODEREF id="cylinder7" />  

       		<NODEREF id="cylinder8" /> 
       		<NODEREF id="cylinder9" />
       		<NODEREF id="cylinder10" />
       		<NODEREF id="cylinder11" /> 
       		<NODEREF id="cylinder12" />
       		<NODEREF id="cylinder13" />   

       		<NODEREF id="cylinder14" />
       		<NODEREF id="cylinder15" />
       		<NODEREF id="cylinder16" />
       		<NODEREF id="cylinder17" />
          
        </DESCENDANTS>

    </NODE>

    

    <NODE id="boxs">       
        <MATERIAL id="null" />     
        <TEXTURE id="null" />       			

        <DESCENDANTS>
       		<NODEREF id="box1" />          
        </DESCENDANTS>

    </NODE>

    <!-- Another bench -->
     <NODE id="box1">      
        <MATERIAL id="null" />     
        <TEXTURE id="null" />       			

        <TRANSLATION x="10" y="-2" z="3.7" />

        <DESCENDANTS>
            <NODEREF id="box" />      
        </DESCENDANTS>

    </NODE>
    
    <!-- Generic bench -->
    <NODE id="box">       
        <MATERIAL id="null" />     
        <TEXTURE id="boxText" />       			

        <ROTATION axis="y" angle="90" />
        <SCALE sx="0.5" sy="0.5" sz="0.5" />
        
        <DESCENDANTS>
       		<NODEREF id="faceCubo1" />
            <NODEREF id="faceCubo2" />
            <NODEREF id="faceCubo3" />
            <NODEREF id="faceCubo4" />
            <NODEREF id="faceCubo5" />
            <NODEREF id="faceCubo6" />      
        </DESCENDANTS>

    </NODE>

    <NODE id="oaks">       
        <MATERIAL id="null" />     
        <TEXTURE id="null" />       			

        <DESCENDANTS>
       		<NODEREF id="oak1" /> 
       		<NODEREF id="oak2" /> 
       		<NODEREF id="oak3" />
       		<NODEREF id="oak4" />        
        </DESCENDANTS>

    </NODE>

    <!-- Another bench -->
     <NODE id="oak1">      
        <MATERIAL id="null" />     
        <TEXTURE id="null" />       			

        <TRANSLATION x="12.5" y="-2" z="3.7" />

        <DESCENDANTS>
            <NODEREF id="oak" />      
        </DESCENDANTS>

    </NODE>

    <NODE id="oak2">      
        <MATERIAL id="null" />     
        <TEXTURE id="null" />       			

        <TRANSLATION x="12.5" y="0" z="3.7" />

        <DESCENDANTS>
            <NODEREF id="oak" />      
        </DESCENDANTS>

    </NODE>

    <NODE id="oak3">      
        <MATERIAL id="null" />     
        <TEXTURE id="null" />       			

        <TRANSLATION x="12.5" y="2" z="3.7" />

        <DESCENDANTS>
            <NODEREF id="oak" />      
        </DESCENDANTS>

    </NODE>

    <NODE id="oak4">      
        <MATERIAL id="null" />     
        <TEXTURE id="null" />       			

        <TRANSLATION x="12.5" y="4" z="3.7" />

        <DESCENDANTS>
            <NODEREF id="oak" />      
        </DESCENDANTS>

    </NODE>
    
    <!-- Generic bench -->
    <NODE id="oak">       
        <MATERIAL id="null" />     
        <TEXTURE id="oakText" />       			

        <ROTATION axis="y" angle="90" />
        <SCALE sx="0.5" sy="0.5" sz="0.5" />
        
        <DESCENDANTS>
       		<NODEREF id="faceCubo1" />
            <NODEREF id="faceCubo2" />
            <NODEREF id="faceCubo3" />
            <NODEREF id="faceCubo4" />
            <NODEREF id="faceCubo5" />
            <NODEREF id="faceCubo6" />      
        </DESCENDANTS>

    </NODE>

    
    

    <!-- Street bench -->
    <NODE id="blocks">       
        <MATERIAL id="null" />     
        <TEXTURE id="null" />       			

        <DESCENDANTS>
       		<NODEREF id="block1" /> 
       		<NODEREF id="block2" />         
        </DESCENDANTS>

    </NODE>

    <NODE id="cylinderleaf">       
        <MATERIAL id="null" />     
        <TEXTURE id="boxText" />       			

        <TRANSLATION x="2.5" y="4" z="7.5" />

        <DESCENDANTS>
					<LEAF type="cylinder" args="4 1 1 20 20 0 0" />         
        </DESCENDANTS>

    </NODE>

     
    
    <!-- Generic bench -->
    <NODE id="block">       
        <MATERIAL id="null" />     
        <TEXTURE id="null" />       			

        <ROTATION axis="y" angle="90" />
        <SCALE sx="0.5" sy="0.5" sz="0.5" />
        
        <DESCENDANTS>
       		<NODEREF id="classicfaceCubo1" />
            <NODEREF id="classicfaceCubo2" />
            <NODEREF id="classicfaceCubo3" />
            <NODEREF id="classicfaceCubo4" />
            <NODEREF id="classicfaceCubo5" />
            <NODEREF id="classicfaceCubo6" />      
        </DESCENDANTS>

    </NODE>

    <!-- Trees -->
    <NODE id="rocks">       
        <MATERIAL id="null" />     
        <TEXTURE id="clear" /> 

        <SCALE sx="0.5" sy="0.5" sz="0.5" />      			

        <DESCENDANTS>
            <NODEREF id="rock1" />
        </DESCENDANTS>

    </NODE>




    <!-- One tree -->
    <NODE id="rock1">       
        <MATERIAL id="null" />    
        <TEXTURE id="null" />       			

        <TRANSLATION x="-2.5" y="-4" z="5" />

        <DESCENDANTS>
            <NODEREF id="rock" />     	    
        </DESCENDANTS>

    </NODE>

    <!-- Tree leaves -->
     <NODE id="rock">       
        <MATERIAL id="null" />     
        <TEXTURE id="rockText" />       			

        <DESCENDANTS>
       		<NODEREF id="faceCubo1" />
            <NODEREF id="faceCubo2" />
            <NODEREF id="faceCubo3" />
            <NODEREF id="faceCubo4" />
            <NODEREF id="faceCubo5" />
            <NODEREF id="faceCubo6" />      
        </DESCENDANTS>

    </NODE>

    <!-- A cube face -->
    <NODE id="classicfaceCubo1">       
        <MATERIAL id="null" />     
        <TEXTURE id="grass_side" />       			

        <TRANSLATION x="2.5" y="4" z="7.5" />

        <DESCENDANTS>
					<LEAF  type="rectangle" args="0 4 5 0" />        
        </DESCENDANTS>

    </NODE>

    <!-- Another cube face -->
     <NODE id="classicfaceCubo2">      
        <MATERIAL id="null" />     
        <TEXTURE id="grass_side" />       			

        <TRANSLATION x="2.5" y="4" z="2.5" />
		<ROTATION axis="y" angle="-90" />

        <DESCENDANTS>
					<LEAF  type="rectangle" args="0 4 5 0" />        
        </DESCENDANTS>

    </NODE>

    <!-- Another cube face -->
    <NODE id="classicfaceCubo3">       
        <MATERIAL id="null" />     
        <TEXTURE id="grass_side" />       			

        <TRANSLATION x="7.5" y="4" z="7.5" />
		<ROTATION axis="y" angle="90" />

        <DESCENDANTS>
					<LEAF  type="rectangle" args="0 4 5 0" />        
        </DESCENDANTS>

    </NODE>

    <!-- Another cube face -->
    <NODE id="classicfaceCubo4">       
        <MATERIAL id="null" />    
        <TEXTURE id="grass_side" />       			

        <TRANSLATION x="7.5" y="4" z="2.5" />
        <ROTATION axis="y" angle="180" />

        <DESCENDANTS>
					<LEAF  type="rectangle" args="0 4 5 0" />        
        </DESCENDANTS>

    </NODE>

    <!-- Another cube face -->
    <NODE id="classicfaceCubo5">       
        <MATERIAL id="grass_top_material" />    
        <TEXTURE id="grass_top" />       			

        <ROTATION axis="x" angle="-90" />
        <TRANSLATION x="2.5" y="-7.5" z="8" />
        <SCALE sx="1" sy="1.25" sz="1" />

        <DESCENDANTS>
 					<LEAF  type="rectangle" args="0 4 5 0" />        
       </DESCENDANTS>

    </NODE>

    <!-- Another cube face -->
    <NODE id="classicfaceCubo6">       
        <MATERIAL id="null" />     
        <TEXTURE id="grass_side" />       			

        <TRANSLATION x="2.5" y="4" z="2.5" />
        <ROTATION axis="x" angle="90" />
        <SCALE sx="1" sy="1.25" sz="1" />

        <DESCENDANTS>
					<LEAF  type="rectangle" args="0 4 5 0" />        
        </DESCENDANTS>

    </NODE>

     <NODE id="floor_node">       
        <MATERIAL id="null" />     
        <TEXTURE id="null" />       
        <ROTATION axis="y" angle="90" />
        <SCALE sx="0.5" sy="0.5" sz="0.5" />

        <DESCENDANTS>
       		<NODEREF id="floorfaceCubo1" />
            <NODEREF id="floorfaceCubo2" />
            <NODEREF id="floorfaceCubo3" />
            <NODEREF id="floorfaceCubo4" />
            <NODEREF id="floorfaceCubo5" />
            <NODEREF id="floorfaceCubo6" />         
        </DESCENDANTS>

    </NODE>

    <!-- A cube face -->
    <NODE id="faceCubo1">       
        <MATERIAL id="null" />     
        <TEXTURE id="null" />       			

        <TRANSLATION x="2.5" y="4" z="7.5" />

        <DESCENDANTS>
					<LEAF  type="rectangle" args="0 4 5 0" />        
        </DESCENDANTS>

    </NODE>

    <!-- Another cube face -->
     <NODE id="faceCubo2">      
        <MATERIAL id="null" />     
        <TEXTURE id="null" />       			

        <TRANSLATION x="2.5" y="4" z="2.5" />
		<ROTATION axis="y" angle="-90" />

        <DESCENDANTS>
					<LEAF  type="rectangle" args="0 4 5 0" />        
        </DESCENDANTS>

    </NODE>

    <!-- Another cube face -->
    <NODE id="faceCubo3">       
        <MATERIAL id="null" />     
        <TEXTURE id="null" />       			

        <TRANSLATION x="7.5" y="4" z="7.5" />
		<ROTATION axis="y" angle="90" />

        <DESCENDANTS>
					<LEAF  type="rectangle" args="0 4 5 0" />        
        </DESCENDANTS>

    </NODE>

    <!-- Another cube face -->
    <NODE id="faceCubo4">       
        <MATERIAL id="null" />    
        <TEXTURE id="null" />       			

        <TRANSLATION x="7.5" y="4" z="2.5" />
        <ROTATION axis="y" angle="180" />

        <DESCENDANTS>
					<LEAF  type="rectangle" args="0 4 5 0" />        
        </DESCENDANTS>

    </NODE>

    <!-- Another cube face -->
    <NODE id="faceCubo5">       
        <MATERIAL id="null" />    
        <TEXTURE id="null" />       			

        <ROTATION axis="x" angle="-90" />
        <TRANSLATION x="2.5" y="-7.5" z="8" />
        <SCALE sx="1" sy="1.25" sz="1" />

        <DESCENDANTS>
 					<LEAF  type="rectangle" args="0 4 5 0" />        
       </DESCENDANTS>

    </NODE>

    <!-- Another cube face -->
    <NODE id="faceCubo6">       
        <MATERIAL id="null" />     
        <TEXTURE id="null" />       			

        <TRANSLATION x="2.5" y="4" z="2.5" />
        <ROTATION axis="x" angle="90" />
        <SCALE sx="1" sy="1.25" sz="1" />

        <DESCENDANTS>
					<LEAF  type="rectangle" args="0 4 5 0" />        
        </DESCENDANTS>

    </NODE>

     <NODE id="floorfaceCubo1">       
        <MATERIAL id="null" />     
        <TEXTURE id="floor_top" />       			

        <TRANSLATION x="2.5" y="4" z="7.5" />

        <DESCENDANTS>
					<LEAF  type="rectangle" args="0 4 5 0" />        
        </DESCENDANTS>

    </NODE>

    <!-- Another cube face -->
     <NODE id="floorfaceCubo2">      
        <MATERIAL id="null" />     
        <TEXTURE id="floor_side" />       			

        <TRANSLATION x="2.5" y="4" z="2.5" />
		<ROTATION axis="y" angle="-90" />

        <DESCENDANTS>
					<LEAF  type="rectangle" args="0 4 5 0" />        
        </DESCENDANTS>

    </NODE>

    <!-- Another cube face -->
    <NODE id="floorfaceCubo3">       
        <MATERIAL id="null" />     
        <TEXTURE id="floor_side" />       			

        <TRANSLATION x="7.5" y="4" z="7.5" />
		<ROTATION axis="y" angle="90" />

        <DESCENDANTS>
					<LEAF  type="rectangle" args="0 4 5 0" />        
        </DESCENDANTS>

    </NODE>

    <!-- Another cube face -->
    <NODE id="floorfaceCubo4">       
        <MATERIAL id="null" />    
        <TEXTURE id="floor_side" />       			

        <TRANSLATION x="7.5" y="4" z="2.5" />
        <ROTATION axis="y" angle="180" />

        <DESCENDANTS>
					<LEAF  type="rectangle" args="0 4 5 0" />        
        </DESCENDANTS>

    </NODE>

    <!-- Another cube face -->
    <NODE id="floorfaceCubo5">       
        <MATERIAL id="grass_top_material" />    
        <TEXTURE id="floor_top" />       			

        <ROTATION axis="x" angle="-90" />
        <TRANSLATION x="2.5" y="-7.5" z="8" />
        <SCALE sx="1" sy="1.25" sz="1" />

        <DESCENDANTS>
 					<LEAF  type="rectangle" args="0 4 5 0" />        
       </DESCENDANTS>

    </NODE>

    <!-- Another cube face -->
    <NODE id="floorfaceCubo6">       
        <MATERIAL id="grass_top_material" />     
        <TEXTURE id="floor_top" />       			

        <TRANSLATION x="2.5" y="4" z="2.5" />
        <ROTATION axis="x" angle="90" />
        <SCALE sx="1" sy="1.25" sz="1" />

        <DESCENDANTS>
					<LEAF  type="rectangle" args="0 4 5 0" />        
        </DESCENDANTS>

    </NODE>

    <NODE id="pumpkinfaceCubo1">       
        <MATERIAL id="null" />     
        <TEXTURE id="pumpkin_side" />       			

        <TRANSLATION x="2.5" y="4" z="7.5" />

        <DESCENDANTS>
					<LEAF  type="rectangle" args="0 4 5 0" />        
        </DESCENDANTS>

    </NODE>

    <!-- Another cube face -->
     <NODE id="pumpkinfaceCubo2">      
        <MATERIAL id="null" />     
        <TEXTURE id="pumpkin_side" />       			

        <TRANSLATION x="2.5" y="4" z="2.5" />
		<ROTATION axis="y" angle="-90" />

        <DESCENDANTS>
					<LEAF  type="rectangle" args="0 4 5 0" />        
        </DESCENDANTS>

    </NODE>

    <!-- Another cube face -->
    <NODE id="pumpkinfaceCubo3">       
        <MATERIAL id="null" />     
        <TEXTURE id="pumpkin_side" />       			

        <TRANSLATION x="7.5" y="4" z="7.5" />
		<ROTATION axis="y" angle="90" />

        <DESCENDANTS>
					<LEAF  type="rectangle" args="0 4 5 0" />        
        </DESCENDANTS>

    </NODE>

    <!-- Another cube face -->
    <NODE id="pumpkinfaceCubo4">       
        <MATERIAL id="null" />    
        <TEXTURE id="pumpkin_side" />       			

        <TRANSLATION x="7.5" y="4" z="2.5" />
        <ROTATION axis="y" angle="180" />

        <DESCENDANTS>
					<LEAF  type="rectangle" args="0 4 5 0" />        
        </DESCENDANTS>

    </NODE>

    <!-- Another cube face -->
    <NODE id="pumpkinfaceCubo5">       
        <MATERIAL id="null" />    
        <TEXTURE id="pumpkin_top" />       			

        <ROTATION axis="x" angle="-90" />
        <TRANSLATION x="2.5" y="-7.5" z="8" />
        <SCALE sx="1" sy="1.25" sz="1" />

        <DESCENDANTS>
 					<LEAF  type="rectangle" args="0 4 5 0" />        
       </DESCENDANTS>

    </NODE>

    <!-- Another cube face -->
    <NODE id="pumpkinfaceCubo6">       
        <MATERIAL id="null" />     
        <TEXTURE id="pumpkin_top" />       			

        <TRANSLATION x="2.5" y="4" z="2.5" />
        <ROTATION axis="x" angle="90" />
        <SCALE sx="1" sy="1.25" sz="1" />

        <DESCENDANTS>
					<LEAF  type="rectangle" args="0 4 5 0" />        
        </DESCENDANTS>

    </NODE>

    <NODE id="pumpkin">       
        <MATERIAL id="null" />     
        <TEXTURE id="null" />       
        <ROTATION axis="y" angle="90" />
        <SCALE sx="0.5" sy="0.5" sz="0.5" />

        <DESCENDANTS>
       		<NODEREF id="pumpkinfaceCubo1" />
            <NODEREF id="pumpkinfaceCubo2" />
            <NODEREF id="pumpkinfaceCubo3" />
            <NODEREF id="pumpkinfaceCubo4" />
            <NODEREF id="pumpkinfaceCubo5" />
            <NODEREF id="pumpkinfaceCubo6" />         
        </DESCENDANTS>

    </NODE>

    <NODE id="pumpkin1">       
        <MATERIAL id="null" />     
        <TEXTURE id="null" />    
        <TRANSLATION x="1.3" y="-2" z="24" />   

        <DESCENDANTS>
       		<NODEREF id="pumpkin" />       
        </DESCENDANTS>

    </NODE>

    <NODE id="mountain">       
        <MATERIAL id="null" />     
        <TEXTURE id="null" />         
  
        <DESCENDANTS>
       		<NODEREF id="mountain_wall1_1" />
       		<NODEREF id="mountain_wall1_2" />
       		<NODEREF id="mountain_wall1_3" />
       		<NODEREF id="mountain_wall1_4" />
            <NODEREF id="mountain_wall1" />
       		<NODEREF id="mountain_wall2" />
       		<NODEREF id="mountain_wall3" />
       		<NODEREF id="mountain_wall4" />
       		<NODEREF id="waters" />
        </DESCENDANTS>

    </NODE>

    <NODE id="mountain_wall1_4">       
        <MATERIAL id="null" />     
        <TEXTURE id="null" />    
        <TRANSLATION x="5" y="0" z="0" />   			

        <DESCENDANTS>
            <NODEREF id="mountain_wall3" />
        </DESCENDANTS>

    </NODE>

    <NODE id="mountain_wall1_3">       
        <MATERIAL id="null" />     
        <TEXTURE id="null" />    
        <TRANSLATION x="0" y="0" z="5" />   			

        <DESCENDANTS>
            <NODEREF id="mountain_wall1" />
        </DESCENDANTS>

    </NODE>

    <NODE id="mountain_wall1_2">       
        <MATERIAL id="null" />     
        <TEXTURE id="null" />    
        <TRANSLATION x="0" y="4" z="-0" />   			

        <DESCENDANTS>
            <NODEREF id="mountain_wall1" />
            <NODEREF id="mountain_wall3" />
        </DESCENDANTS>

    </NODE>

    <NODE id="mountain_wall1_1">       
        <MATERIAL id="null" />     
        <TEXTURE id="null" />    
        <TRANSLATION x="0" y="2" z="-0" />   			

        <DESCENDANTS>
            <NODEREF id="mountain_wall1" />
       		<NODEREF id="mountain_wall2" />
       		<NODEREF id="mountain_wall3" />
       		<NODEREF id="mountain_wall4" />
        </DESCENDANTS>

    </NODE>

    <NODE id="mountain_wall4">       
        <MATERIAL id="null" />     
        <TEXTURE id="null" />    
        <ROTATION axis="y" angle="-90" />
        <TRANSLATION x="0" y="0" z="-5" />   			

        <DESCENDANTS>
       		<NODEREF id="block1" /> 
       		<NODEREF id="block2" />   
       		<NODEREF id="block3" />            
       		<NODEREF id="block4" />         
       		<NODEREF id="block5" /> 
       		<NODEREF id="block6" />         
            <NODEREF id="block7" />         
       		<NODEREF id="block8" />         
       
   
        </DESCENDANTS>

    </NODE>

    <NODE id="mountain_wall3">       
        <MATERIAL id="null" />     
        <TEXTURE id="null" />    
        <ROTATION axis="y" angle="-90" />
        <TRANSLATION x="0" y="0" z="-2.5" />   			

        <DESCENDANTS>
       		<NODEREF id="block1" /> 
       		<NODEREF id="block2" />   
       		<NODEREF id="block3" />            
       		<NODEREF id="block4" />         
       		<NODEREF id="block5" /> 
       		<NODEREF id="block6" />         
            <NODEREF id="block7" />         
       		<NODEREF id="block8" />         
       
   
        </DESCENDANTS>

    </NODE>

    <NODE id="mountain_wall1">       
        <MATERIAL id="null" />     
        <TEXTURE id="null" />       			

        <DESCENDANTS>
       		<NODEREF id="block1" /> 
       		<NODEREF id="block2" />   
       		<NODEREF id="block3" />            
       		<NODEREF id="block4" />         
       		<NODEREF id="block5" /> 
       		<NODEREF id="block6" />         
            <NODEREF id="block7" />         
       		<NODEREF id="block8" />         
       
   
        </DESCENDANTS>

    </NODE>

    <NODE id="mountain_wall2">       
        <MATERIAL id="null" />     
        <TEXTURE id="null" />    
        <TRANSLATION x="0" y="0" z="2.5" />   			

        <DESCENDANTS>
       		<NODEREF id="block1" /> 
       		<NODEREF id="block2" />   
       		<NODEREF id="block3" />            
       		<NODEREF id="block4" />         
       		<NODEREF id="block5" /> 
       		<NODEREF id="block6" />         
            <NODEREF id="block7" />         
       		<NODEREF id="block8" />         
       
   
        </DESCENDANTS>

    </NODE>

    <!-- Another bench -->
     <NODE id="block1">      
        <MATERIAL id="null" />     
        <TEXTURE id="null" />       			

        <TRANSLATION x="1.5" y="-2" z="3.7" />

        <DESCENDANTS>
            <NODEREF id="block" />      
        </DESCENDANTS>

    </NODE>

        <!-- Another bench -->
     <NODE id="block2">      
        <MATERIAL id="null" />     
        <TEXTURE id="null" />       			

        <TRANSLATION x="-1" y="-2" z="3.7" />

        <DESCENDANTS>
            <NODEREF id="block" />      
        </DESCENDANTS>

    </NODE>

    <NODE id="block3">      
        <MATERIAL id="null" />     
        <TEXTURE id="null" />       			

        <TRANSLATION x="4" y="-2" z="3.7" />

        <DESCENDANTS>
            <NODEREF id="block" />      
        </DESCENDANTS>

    </NODE>

    <NODE id="block4">      
        <MATERIAL id="null" />     
        <TEXTURE id="null" />       			

        <TRANSLATION x="6.5" y="-2" z="3.7" />

        <DESCENDANTS>
            <NODEREF id="block" />      
        </DESCENDANTS>

    </NODE>

    <NODE id="block5">      
        <MATERIAL id="null" />     
        <TEXTURE id="null" />       			

        <TRANSLATION x="9" y="-2" z="3.7" />

        <DESCENDANTS>
            <NODEREF id="block" />      
        </DESCENDANTS>

    </NODE>

    <NODE id="block6">      
        <MATERIAL id="null" />     
        <TEXTURE id="null" />       			

        <TRANSLATION x="11.5" y="-2" z="3.7" />

        <DESCENDANTS>
            <NODEREF id="block" />      
        </DESCENDANTS>

    </NODE>

    <NODE id="block7">      
        <MATERIAL id="null" />     
        <TEXTURE id="null" />       			

        <TRANSLATION x="14" y="-2" z="3.7" />

        <DESCENDANTS>
            <NODEREF id="block" />      
        </DESCENDANTS>

    </NODE>

    <NODE id="block8">      
        <MATERIAL id="null" />     
        <TEXTURE id="null" />       			

        <TRANSLATION x="16.5" y="-2" z="3.7" />

        <DESCENDANTS>
            <NODEREF id="block" />      
        </DESCENDANTS>

    </NODE>

    <NODE id="waters">       
        <MATERIAL id="null" />     
        <TEXTURE id="null" />       			

        <DESCENDANTS>
       		<NODEREF id="water1" />    
       		<NODEREF id="water2" />
       		<NODEREF id="water3" />    
       		<NODEREF id="water4" /> 
       		<NODEREF id="water5" /> 
       		<NODEREF id="water6" />   
       		<NODEREF id="water7" />
       		<NODEREF id="water8" />
       		<NODEREF id="water9" />  
       		<NODEREF id="water10" /> 
       		<NODEREF id="water11" />
       		<NODEREF id="water12" />      
       		<NODEREF id="water13" />  
       		<NODEREF id="water14" /> 
       		<NODEREF id="water15" />
       		<NODEREF id="water16" />
       		<NODEREF id="water17" /> 
        </DESCENDANTS>

    </NODE>

    <!-- Another bench -->
     <NODE id="water1">      
        <MATERIAL id="null" />     
        <TEXTURE id="null" />       			

        <TRANSLATION x="-1.1" y="2.1" z="3.8" />

        <DESCENDANTS>
            <NODEREF id="water" />      
        </DESCENDANTS>

    </NODE>

    <NODE id="water2">      
        <MATERIAL id="null" />     
        <TEXTURE id="null" />       			

        <TRANSLATION x="1.1" y="2.1" z="3.8" />

        <DESCENDANTS>
            <NODEREF id="water" />      
        </DESCENDANTS>

    </NODE>

    <NODE id="water3">      
        <MATERIAL id="null" />     
        <TEXTURE id="null" />       			

        <TRANSLATION x="1.1" y="2.1" z="5.8" />

        <DESCENDANTS>
            <NODEREF id="water" />      
        </DESCENDANTS>

    </NODE>

    <NODE id="water4">      
        <MATERIAL id="null" />     
        <TEXTURE id="null" />       			

        <TRANSLATION x="-1.1" y="2.1" z="5.8" />

        <DESCENDANTS>
            <NODEREF id="water" />      
        </DESCENDANTS>

    </NODE>

    <NODE id="water5">      
        <MATERIAL id="null" />     
        <TEXTURE id="null" />       			

        <TRANSLATION x="2.1" y="0.1" z="6.8" />

        <DESCENDANTS>
            <NODEREF id="water" />      
        </DESCENDANTS>

    </NODE>

    <NODE id="water6">      
        <MATERIAL id="null" />     
        <TEXTURE id="null" />       			

        <TRANSLATION x="4.0" y="-1.9" z="8.9" />

        <DESCENDANTS>
            <NODEREF id="water" />      
        </DESCENDANTS>

    </NODE>

    <NODE id="water7">      
        <MATERIAL id="null" />     
        <TEXTURE id="null" />       			

        <TRANSLATION x="5.9" y="-3.9" z="11.1" />

        <DESCENDANTS>
            <NODEREF id="water" />      
        </DESCENDANTS>

    </NODE>

    <NODE id="water8">      
        <MATERIAL id="null" />     
        <TEXTURE id="null" />       			

        <TRANSLATION x="7.9" y="-3.9" z="11.1" />

        <DESCENDANTS>
            <NODEREF id="water" />      
        </DESCENDANTS>

    </NODE>

    <NODE id="water9">      
        <MATERIAL id="null" />     
        <TEXTURE id="null" />       			

        <TRANSLATION x="9.9" y="-3.9" z="11.1" />

        <DESCENDANTS>
            <NODEREF id="water" />      
        </DESCENDANTS>

    </NODE>

    <NODE id="water10">      
        <MATERIAL id="null" />     
        <TEXTURE id="null" />       			

        <TRANSLATION x="11.9" y="-3.9" z="11.1" />

        <DESCENDANTS>
            <NODEREF id="water" />      
        </DESCENDANTS>

    </NODE>

    <NODE id="water11">      
        <MATERIAL id="null" />     
        <TEXTURE id="null" />       			

        <TRANSLATION x="13.9" y="-3.9" z="11.1" />

        <DESCENDANTS>
            <NODEREF id="water" />      
        </DESCENDANTS>

    </NODE>

    <NODE id="water12">      
        <MATERIAL id="null" />     
        <TEXTURE id="null" />       			

        <TRANSLATION x="15.9" y="-3.9" z="11.1" />

        <DESCENDANTS>
            <NODEREF id="water" />      
        </DESCENDANTS>

    </NODE>

    <NODE id="water13">      
        <MATERIAL id="null" />     
        <TEXTURE id="null" />       			

        <TRANSLATION x="17.9" y="-3.9" z="11.1" />

        <DESCENDANTS>
            <NODEREF id="water" />      
        </DESCENDANTS>

    </NODE>

    <NODE id="water14">      
        <MATERIAL id="null" />     
        <TEXTURE id="null" />       			

        <TRANSLATION x="17.9" y="-3.9" z="9.1" />

        <DESCENDANTS>
            <NODEREF id="water" />      
        </DESCENDANTS>

    </NODE>

    <NODE id="water15">      
        <MATERIAL id="null" />     
        <TEXTURE id="null" />       			

        <TRANSLATION x="17.9" y="-3.9" z="7.1" />

        <DESCENDANTS>
            <NODEREF id="water" />      
        </DESCENDANTS>

    </NODE>

    <NODE id="water16">      
        <MATERIAL id="null" />     
        <TEXTURE id="null" />       			

        <TRANSLATION x="17.9" y="-3.9" z="5.1" />

        <DESCENDANTS>
            <NODEREF id="water" />      
        </DESCENDANTS>

    </NODE>

    <NODE id="water17">      
        <MATERIAL id="null" />     
        <TEXTURE id="null" />       			

        <TRANSLATION x="17.9" y="-3.9" z="3.4" />

        <DESCENDANTS>
            <NODEREF id="water" />      
        </DESCENDANTS>

    </NODE>
    
    <!-- Generic bench -->
    <NODE id="water">       
        <MATERIAL id="waterMaterial" />     
        <TEXTURE id="waterText" />       			

        <ROTATION axis="y" angle="90" />
        <SCALE sx="0.5" sy="0.5" sz="0.5" />
        
        <DESCENDANTS>
       		<NODEREF id="faceCubo1" />
            <NODEREF id="faceCubo2" />
            <NODEREF id="faceCubo3" />
            <NODEREF id="faceCubo4" />
            <NODEREF id="faceCubo5" />
            <NODEREF id="faceCubo6" />      
        </DESCENDANTS>

    </NODE>

    <NODE id="tree">       
        <MATERIAL id="null" />     
        <TEXTURE id="null" />    
        <TRANSLATION x="-13.9" y="0" z="0" />
        <TRANSLATION x="0.2" y="0" z="20.3" />
   			

        <DESCENDANTS>
       		<NODEREF id="oaks" /> 
       		<NODEREF id="leaves" />          
        </DESCENDANTS>

    </NODE>

    <NODE id="leaves">       
        <MATERIAL id="null" />     
        <TEXTURE id="null" />       			

        <DESCENDANTS>
       		<NODEREF id="leave1" /> 
       		<NODEREF id="leave2" /> 
       		<NODEREF id="leave3" />
       		<NODEREF id="leave4" />  
            <NODEREF id="leave5" />
       		<NODEREF id="leave6" /> 
       		<NODEREF id="leave7" /> 
        </DESCENDANTS>

    </NODE>

    <!-- Another bench -->
     <NODE id="leave1">      
        <MATERIAL id="null" />     
        <TEXTURE id="null" />       			

        <TRANSLATION x="12.5" y="8" z="3.7" />

        <DESCENDANTS>
            <NODEREF id="leave" />      
        </DESCENDANTS>

    </NODE>

    <NODE id="leave2">      
        <MATERIAL id="null" />     
        <TEXTURE id="null" />       			

        <TRANSLATION x="12.5" y="6" z="3.7" />

        <DESCENDANTS>
            <NODEREF id="leave" />      
        </DESCENDANTS>

    </NODE>

    <NODE id="leave3">      
        <MATERIAL id="null" />     
        <TEXTURE id="null" />       			

        <TRANSLATION x="12.5" y="6" z="5.7" />

        <DESCENDANTS>
            <NODEREF id="leave" />      
        </DESCENDANTS>

    </NODE>


   <NODE id="leave4">      
        <MATERIAL id="null" />     
        <TEXTURE id="null" />       			

        <TRANSLATION x="12.5" y="6" z="1.7" />

        <DESCENDANTS>
            <NODEREF id="leave" />      
        </DESCENDANTS>

    </NODE>

 <NODE id="leave5">      
        <MATERIAL id="null" />     
        <TEXTURE id="null" />       			

        <TRANSLATION x="10.5" y="6" z="3.7" />

        <DESCENDANTS>
            <NODEREF id="leave" />      
        </DESCENDANTS>

    </NODE>

     <NODE id="leave6">      
        <MATERIAL id="null" />     
        <TEXTURE id="null" />       			

        <TRANSLATION x="14.5" y="6" z="3.7" />

        <DESCENDANTS>
            <NODEREF id="leave" />      
        </DESCENDANTS>

    </NODE>

    <NODE id="leave7">      
        <MATERIAL id="null" />     
        <TEXTURE id="null" />       			

        <TRANSLATION x="11.25" y="5" z="4.95" />
        <SCALE sx="1.5" sy="1.5" sz="1.5" />

        <DESCENDANTS>
            <NODEREF id="leave" />      
        </DESCENDANTS>

    </NODE>
    
    
    <!-- Generic bench -->
    <NODE id="leave">       
        <MATERIAL id="leaves_material" />     
        <TEXTURE id="leavesText" />       			

        <ROTATION axis="y" angle="90" />
        <SCALE sx="0.5" sy="0.5" sz="0.5" />
        
        <DESCENDANTS>
       		<NODEREF id="faceCubo1" />
            <NODEREF id="faceCubo2" />
            <NODEREF id="faceCubo3" />
            <NODEREF id="faceCubo4" />
            <NODEREF id="faceCubo5" />
            <NODEREF id="faceCubo6" />      
        </DESCENDANTS>

    </NODE>

</NODES>

</SCENE>